chain,joint,axis,lo_deg,hi_deg,max_vel_dps
waist,waist_yaw,+0 +0 +1,-60.0,60.0,120.0
waist,waist_pitch,+0 +1 +0,-25.0,75.0,120.0
head,head_yaw,+0 +0 +1,-70.0,70.0,200.0
head,head_pitch,+0 +1 +0,-30.0,45.0,200.0
left_arm,l_shoulder_pitch,+0 -1 +0,-60.0,165.0,180.0
left_arm,l_shoulder_roll,+1 +0 +0,-25.0,135.0,180.0
left_arm,l_shoulder_yaw,+0 +0 +1,-80.0,80.0,220.0
left_arm,l_elbow_pitch,+0 -1 +0,0.0,135.0,240.0
left_arm,l_wrist_yaw,+0 +0 +1,-90.0,90.0,300.0
left_arm,l_wrist_pitch,+0 -1 +0,-60.0,60.0,300.0
right_arm,r_shoulder_pitch,-0 -1 -0,-60.0,165.0,180.0
right_arm,r_shoulder_roll,-1 +0 -0,-25.0,135.0,180.0
right_arm,r_shoulder_yaw,-0 +0 -1,-80.0,80.0,220.0
right_arm,r_elbow_pitch,-0 -1 -0,0.0,135.0,240.0
right_arm,r_wrist_yaw,-0 +0 -1,-90.0,90.0,300.0
right_arm,r_wrist_pitch,-0 -1 -0,-60.0,60.0,300.0
left_leg,l_hip_yaw,+0 +0 +1,-45.0,45.0,250.0
left_leg,l_hip_roll,+1 +0 +0,-30.0,45.0,250.0
left_leg,l_hip_pitch,+0 -1 +0,-30.0,120.0,250.0
left_leg,l_knee_pitch,+0 +1 +0,0.0,135.0,300.0
left_leg,l_ankle_pitch,+0 -1 +0,-40.0,40.0,250.0
left_leg,l_ankle_roll,+1 +0 +0,-25.0,25.0,250.0
right_leg,r_hip_yaw,-0 +0 -1,-45.0,45.0,250.0
right_leg,r_hip_roll,-1 +0 -0,-30.0,45.0,250.0
right_leg,r_hip_pitch,-0 -1 -0,-30.0,120.0,250.0
right_leg,r_knee_pitch,-0 +1 -0,0.0,135.0,300.0
right_leg,r_ankle_pitch,-0 -1 -0,-40.0,40.0,250.0
right_leg,r_ankle_roll,-1 +0 -0,-25.0,25.0,250.0
