episode_index,episode_id,length,task_index,task,feasibility_verdict,verdict_reasons,source
0,cmu_69_72,284,8,"walk up to an object, pick it up, set it down elsewhere",USABLE WITH CLAMPING,"K2: 15% of frames have at least one joint beyond its position limit | K3: 21% of frames have a joint faster than its velocity limit | K4: clamping moves the hand by 5.4 cm on average, 44.4 cm at worst | K5: 15% of frames have a hand target outside the robot's reach envelope",data/raw/69_72.bvh
1,cmu_69_73,273,9,"walk up, lean over, pick up an object, set it down elsewhere",NOT FEASIBLE,K5: 20% of frames have a hand target outside the robot's reach envelope,data/raw/69_73.bvh
2,cmu_69_70,261,10,"walk up, squat, pick up an object, set it down elsewhere",USABLE WITH CLAMPING,"K2: 26% of frames have at least one joint beyond its position limit | K3: 8% of frames have a joint faster than its velocity limit | K7: 6% of frames have a hand/forearm inside the torso capsule (executed, clamped motion)",data/raw/69_70.bvh
3,cmu_69_69,201,7,"walk forward, pick up an object, carry it back",NOT FEASIBLE,"K7: 20% of frames have a hand/forearm inside the torso capsule (executed, clamped motion)",data/raw/69_69.bvh
4,cmu_70_01,179,2,carry a 5.5 lb suitcase (walking),USABLE WITH CLAMPING,K3: 4% of frames have a joint faster than its velocity limit,data/raw/70_01.bvh
5,cmu_26_09,185,0,bend over and pick up,NOT FEASIBLE,K2: 100% of frames have at least one joint beyond its position limit,data/raw/26_09.bvh
6,cmu_62_20,241,3,"close, move and open a box",USABLE WITH CLAMPING,"K2: 10% of frames have at least one joint beyond its position limit | K3: 29% of frames have a joint faster than its velocity limit | K4: clamping moves the hand by 1.2 cm on average, 18.9 cm at worst",data/raw/62_20.bvh
7,cmu_15_06,300,5,lean forward and reach for something,USABLE WITH CLAMPING,"K3: 30% of frames have a joint faster than its velocity limit | K4: clamping moves the hand by 4.9 cm on average, 35.4 cm at worst",data/raw/15_06.bvh
8,cmu_14_07,300,4,"jump up to grab, reach, tiptoe (overhead reach)",NOT FEASIBLE,"K2: 97% of frames have at least one joint beyond its position limit | K3: 39% of frames have a joint faster than its velocity limit | K4: clamping moves the hand by 16.3 cm on average, 94.1 cm at worst",data/raw/14_07.bvh
9,cmu_14_01,300,1,"boxing (fast, messy)",NOT FEASIBLE,"K2: 56% of frames have at least one joint beyond its position limit | K3: 52% of frames have a joint faster than its velocity limit | K4: clamping moves the hand by 12.3 cm on average, 66.0 cm at worst",data/raw/14_01.bvh
10,cmu_56_02,300,6,"vignettes: wipe window, stretch, grab, smash (messy)",USABLE WITH CLAMPING,"K2: 13% of frames have at least one joint beyond its position limit | K3: 10% of frames have a joint faster than its velocity limit | K7: 5% of frames have a hand/forearm inside the torso capsule (executed, clamped motion)",data/raw/56_02.bvh
