task_index,task
0,bend over and pick up
1,"boxing (fast, messy)"
2,carry a 5.5 lb suitcase (walking)
3,"close, move and open a box"
4,"jump up to grab, reach, tiptoe (overhead reach)"
5,lean forward and reach for something
6,"vignettes: wipe window, stretch, grab, smash (messy)"
7,"walk forward, pick up an object, carry it back"
8,"walk up to an object, pick it up, set it down elsewhere"
9,"walk up, lean over, pick up an object, set it down elsewhere"
10,"walk up, squat, pick up an object, set it down elsewhere"
