clip_id,task,kind,frames,seconds,verdict,reasons,k1_fk_err_mean_cm,k2_limit_violation_share,k3_velocity_violation_share,k4_clamp_distortion_mean_cm,k5_out_of_reach_share,k6_foot_slide_share,k7_self_collision_share,k8_jitter_hf_rms_deg,top_position_violators,top_velocity_violators,feasible_frame_share
cmu_69_72,"walk up to an object, pick it up, set it down elsewhere",pick_place,284,9.466666666666667,USABLE WITH CLAMPING,"K2: 15% of frames have at least one joint beyond its position limit | K3: 21% of frames have a joint faster than its velocity limit | K4: clamping moves the hand by 5.4 cm on average, 44.4 cm at worst | K5: 15% of frames have a hand target outside the robot's reach envelope",1.6694178226196752,0.15140845070422534,0.2147887323943662,5.397932890843959,0.15492957746478872,0.16829268292682928,0.0,0.3302731604890868,waist_pitch,"waist_pitch, head_yaw, l_knee_pitch",0.6619718309859155
cmu_69_73,"walk up, lean over, pick up an object, set it down elsewhere",bend_pick,273,9.1,NOT FEASIBLE,K5: 20% of frames have a hand target outside the robot's reach envelope,1.4911477852506512,0.20146520146520147,0.21245421245421245,9.174219647485867,0.20146520146520147,0.3213213213213213,0.02197802197802198,0.3606736218999849,"waist_pitch, r_hip_pitch","waist_pitch, r_shoulder_pitch, l_shoulder_pitch",0.6446886446886447
cmu_69_70,"walk up, squat, pick up an object, set it down elsewhere",squat_pick,261,8.7,USABLE WITH CLAMPING,"K2: 26% of frames have at least one joint beyond its position limit | K3: 8% of frames have a joint faster than its velocity limit | K7: 6% of frames have a hand/forearm inside the torso capsule (executed, clamped motion)",1.586194756795944,0.2567049808429119,0.07662835249042145,0.005730526056548289,0.0,0.38738738738738737,0.06130268199233716,0.897353872411011,"r_hip_yaw, r_knee_pitch, l_knee_pitch","r_hip_yaw, l_hip_yaw, l_knee_pitch",0.6743295019157088
cmu_69_69,"walk forward, pick up an object, carry it back",carry,201,6.7,NOT FEASIBLE,"K7: 20% of frames have a hand/forearm inside the torso capsule (executed, clamped motion)",1.7590831434092413,0.23880597014925373,0.12935323383084577,2.131781614021429,0.11442786069651742,0.14855072463768115,0.20398009950248755,0.4117578394912597,"head_yaw, waist_pitch, head_pitch","waist_pitch, l_ankle_pitch, r_ankle_pitch",0.5174129353233831
cmu_70_01,carry a 5.5 lb suitcase (walking),carry,179,5.966666666666667,USABLE WITH CLAMPING,K3: 4% of frames have a joint faster than its velocity limit,0.9277704478915527,0.0,0.03910614525139665,0.0018201790656792252,0.0,0.1796116504854369,0.0,0.5989883186776159,,r_knee_pitch,0.9608938547486033
cmu_26_09,bend over and pick up,bend_pick,185,6.166666666666667,NOT FEASIBLE,K2: 100% of frames have at least one joint beyond its position limit,1.575879665374617,1.0,0.005405405405405406,1.5265159652545404,0.0,0.12222222222222222,0.0,0.2681355820576944,"r_wrist_yaw, l_hip_yaw, l_knee_pitch",head_yaw,0.0
cmu_62_20,"close, move and open a box",manipulation,241,8.033333333333333,USABLE WITH CLAMPING,"K2: 10% of frames have at least one joint beyond its position limit | K3: 29% of frames have a joint faster than its velocity limit | K4: clamping moves the hand by 1.2 cm on average, 18.9 cm at worst",1.6438024487226173,0.1037344398340249,0.2946058091286307,1.2075244177292161,0.0,0.181058495821727,0.016597510373443983,1.0277711040266528,"r_ankle_roll, r_ankle_pitch, head_pitch","r_shoulder_yaw, r_shoulder_pitch, r_wrist_yaw",0.6597510373443983
cmu_15_06,lean forward and reach for something,reach,300,10.0,USABLE WITH CLAMPING,"K3: 30% of frames have a joint faster than its velocity limit | K4: clamping moves the hand by 4.9 cm on average, 35.4 cm at worst",1.276120995805913,0.01,0.30333333333333334,4.904656571461904,0.0,0.011666666666666667,0.01,0.876545445798807,r_shoulder_yaw,"r_shoulder_pitch, l_shoulder_pitch, l_shoulder_yaw",0.6766666666666666
cmu_14_07,"jump up to grab, reach, tiptoe (overhead reach)",overhead_reach,300,10.0,NOT FEASIBLE,"K2: 97% of frames have at least one joint beyond its position limit | K3: 39% of frames have a joint faster than its velocity limit | K4: clamping moves the hand by 16.3 cm on average, 94.1 cm at worst",1.526709856204823,0.9666666666666667,0.38666666666666666,16.28914976069293,0.0,0.234375,0.0,6.853056804649058,"r_shoulder_yaw, head_pitch, l_shoulder_yaw","l_shoulder_pitch, l_elbow_pitch, l_shoulder_yaw",0.023333333333333334
cmu_14_01,"boxing (fast, messy)",messy,300,10.0,NOT FEASIBLE,"K2: 56% of frames have at least one joint beyond its position limit | K3: 52% of frames have a joint faster than its velocity limit | K4: clamping moves the hand by 12.3 cm on average, 66.0 cm at worst",2.7626912458331363,0.5566666666666666,0.5233333333333333,12.257101505203655,0.0,0.25339366515837103,0.06333333333333334,1.6543450028324396,"r_elbow_pitch, l_elbow_pitch, l_ankle_pitch","r_shoulder_pitch, r_elbow_pitch, r_shoulder_yaw",0.07
cmu_56_02,"vignettes: wipe window, stretch, grab, smash (messy)",messy,300,10.0,USABLE WITH CLAMPING,"K2: 13% of frames have at least one joint beyond its position limit | K3: 10% of frames have a joint faster than its velocity limit | K7: 5% of frames have a hand/forearm inside the torso capsule (executed, clamped motion)",2.1058578241108625,0.13,0.10333333333333333,0.936104712132703,0.0,0.030560271646859084,0.05,0.6849191712184112,"l_elbow_pitch, r_elbow_pitch","l_elbow_pitch, r_shoulder_pitch, l_shoulder_yaw",0.7233333333333334
