method,fk_err_mean_cm,fk_err_max_cm,clamped_fk_err_mean_cm,frames_over_limit_share,clip_id
joint_angle,12.936636965687681,18.834761574318986,14.584272485477076,0.15140845070422534,cmu_69_72
ik_refined,1.6694178226196752,2.519622420195035,5.141012608308675,0.15140845070422534,cmu_69_72
joint_angle,12.460393552853773,18.8952085989367,16.220634574790132,0.20146520146520147,cmu_69_73
ik_refined,1.4911477852506512,2.434716916845893,7.095343219300681,0.20146520146520147,cmu_69_73
joint_angle,12.281929265098428,18.88989102438996,12.286642051359166,0.2567049808429119,cmu_69_70
ik_refined,1.5861947567959438,2.4619874061137574,1.587743741082293,0.2567049808429119,cmu_69_70
joint_angle,13.698996006395076,18.74812542991162,14.27961606010491,0.23880597014925373,cmu_69_69
ik_refined,1.7590831434092415,2.472336444738211,3.0244071891810673,0.23880597014925373,cmu_69_69
joint_angle,6.733128521767575,12.162621837375216,6.7338861639103795,0.0,cmu_70_01
ik_refined,0.9277704478915528,1.50890135766643,0.9281738086109249,0.0,cmu_70_01
joint_angle,13.441246711520623,19.44598660086017,13.157173897288665,1.0,cmu_26_09
ik_refined,1.575879665374617,3.4723685184420394,1.7502056825177847,1.0,cmu_26_09
joint_angle,14.737408530144238,18.886622997602405,14.677528848377547,0.1037344398340249,cmu_62_20
ik_refined,1.6438024487226175,3.7704892920549065,2.0893505453019343,0.1037344398340249,cmu_62_20
joint_angle,11.568813103774133,17.755893170732477,11.845803294843519,0.013333333333333334,cmu_15_06
ik_refined,1.2761209958059132,2.237722247691797,4.706215969196319,0.01,cmu_15_06
joint_angle,12.10995403068388,18.569107607806696,15.660295116801837,0.9733333333333334,cmu_14_07
ik_refined,1.5267098562048231,4.135868421027277,10.793648326401403,0.9666666666666667,cmu_14_07
joint_angle,13.624417556920859,18.879983640084347,16.682290376143705,0.16333333333333333,cmu_14_01
ik_refined,2.7626912458331363,4.322873757402996,8.738547323169563,0.5566666666666666,cmu_14_01
joint_angle,13.291137343802129,18.88670706239663,13.404411206325817,0.03333333333333333,cmu_56_02
ik_refined,2.1058578241108625,4.542851708120066,2.4012197903929047,0.13,cmu_56_02
